üîó,üî¢ Bus Number,üõ£Ô∏è Odometer,‚öôÔ∏è Maintenance Rank,‚õëÔ∏è Safety Rank,ü™´Ô∏èÔ∏è SOC,üîã SOH,üîÑ Repeated Faults,üõ°Ô∏è Insulation,‚ö°Ô∏è Cells,üí® Pneumatics,‚ö†Ô∏è Level 1 DTC,üå°Ô∏è Battery,üîå Low Voltage,üì° No Signal
http://localhost:3000/goto/9dHvw3JHR?orgId=1,12103,44464,38,85,37,100,,,,,,,,
http://localhost:3000/goto/9dHvw3JHR?orgId=1,12626,49047,85,57,44,81,1.0,,,,,,,
http://localhost:3000/goto/9dHvw3JHR?orgId=1,12652,33432,90,47,46,82,,,,,,,,
http://localhost:3000/goto/9dHvw3JHR?orgId=1,12262,26054,79,45,78,88,,,,,,,,
http://localhost:3000/goto/9dHvw3JHR?orgId=1,12333,24341,76,30,70,97,,,,,,,,
http://localhost:3000/goto/9dHvw3JHR?orgId=1,12379,19749,69,64,87,100,,,,,,,,
http://localhost:3000/goto/9dHvw3JHR?orgId=1,12040,32785,59,73,63,94,,,,,,,,
http://localhost:3000/goto/9dHvw3JHR?orgId=1,12172,13320,93,68,45,90,,,,,2.0,,,
http://localhost:3000/goto/9dHvw3JHR?orgId=1,12024,12678,95,89,97,99,,,,,,,,
http://localhost:3000/goto/9dHvw3JHR?orgId=1,12093,36242,78,94,40,83,,,,,,,,
http://localhost:3000/goto/9dHvw3JHR?orgId=1,12157,25214,49,32,31,90,,,,,,,,
http://localhost:3000/goto/9dHvw3JHR?orgId=1,12624,35545,81,30,70,83,,,,,,,,
http://localhost:3000/goto/9dHvw3JHR?orgId=1,12518,32278,63,67,59,89,,,,,,,,
http://localhost:3000/goto/9dHvw3JHR?orgId=1,12071,32444,55,59,64,94,,,,,,,,
http://localhost:3000/goto/9dHvw3JHR?orgId=1,12008,33878,52,49,74,99,,,,,,,,
http://localhost:3000/goto/9dHvw3JHR?orgId=1,12404,20950,31,30,63,96,,,,,,,,
http://localhost:3000/goto/9dHvw3JHR?orgId=1,12409,18278,72,85,60,84,,,,,,,,
http://localhost:3000/goto/9dHvw3JHR?orgId=1,12403,34029,36,67,65,99,,,,,1.0,üî¥,,üî¥
http://localhost:3000/goto/9dHvw3JHR?orgId=1,12178,39504,53,94,48,97,,,,,1.0,,,
http://localhost:3000/goto/9dHvw3JHR?orgId=1,12179,24932,99,62,38,100,,,,,,,,
http://localhost:3000/goto/9dHvw3JHR?orgId=1,12534,45650,30,46,70,93,,,,,,,,
http://localhost:3000/goto/9dHvw3JHR?orgId=1,12560,15275,80,74,94,89,,,,,,,,
http://localhost:3000/goto/9dHvw3JHR?orgId=1,12050,18007,30,74,65,85,3.0,,,,,,,
http://localhost:3000/goto/9dHvw3JHR?orgId=1,12488,16249,59,40,42,91,,,,,,,,
http://localhost:3000/goto/9dHvw3JHR?orgId=1,12400,15939,86,62,90,100,,,,,,,,
http://localhost:3000/goto/9dHvw3JHR?orgId=1,12102,30513,53,88,75,94,,,,,,,,
http://localhost:3000/goto/9dHvw3JHR?orgId=1,12339,14614,37,78,63,81,,,,üî¥,,,,
http://localhost:3000/goto/9dHvw3JHR?orgId=1,12202,37753,48,41,63,92,,,,,,,,
http://localhost:3000/goto/9dHvw3JHR?orgId=1,12182,18730,62,81,40,82,,,,,,,,
http://localhost:3000/goto/9dHvw3JHR?orgId=1,12091,25906,40,51,82,84,,,,,,,,üî¥
http://localhost:3000/goto/9dHvw3JHR?orgId=1,12387,13977,48,95,95,96,,,,,,,,
http://localhost:3000/goto/9dHvw3JHR?orgId=1,12525,17934,81,44,79,100,,,,,,,,
http://localhost:3000/goto/9dHvw3JHR?orgId=1,12245,24380,52,86,98,88,,,,,,,,
http://localhost:3000/goto/9dHvw3JHR?orgId=1,12053,31391,31,88,40,88,,,,,,,,
http://localhost:3000/goto/9dHvw3JHR?orgId=1,12604,38353,49,73,53,84,,,,,,,,
http://localhost:3000/goto/9dHvw3JHR?orgId=1,12151,19401,48,100,74,92,,,,üî¥,,,üî¥,
http://localhost:3000/goto/9dHvw3JHR?orgId=1,12295,36888,51,66,34,90,,,,,,,,
http://localhost:3000/goto/9dHvw3JHR?orgId=1,12253,10501,56,55,61,100,,,,,,,,
http://localhost:3000/goto/9dHvw3JHR?orgId=1,12569,42533,58,35,100,91,,,,,,,,
http://localhost:3000/goto/9dHvw3JHR?orgId=1,12311,14571,32,75,68,85,,,,,,,,
http://localhost:3000/goto/9dHvw3JHR?orgId=1,12470,46181,61,100,50,94,,,,,,,,
http://localhost:3000/goto/9dHvw3JHR?orgId=1,12004,40485,91,49,62,99,,,,,,,,
http://localhost:3000/goto/9dHvw3JHR?orgId=1,12154,17158,34,32,89,82,,,,,,,,
http://localhost:3000/goto/9dHvw3JHR?orgId=1,12597,22559,50,30,56,88,,,,,,,,
http://localhost:3000/goto/9dHvw3JHR?orgId=1,12448,31007,69,51,42,85,,,,,,,,
http://localhost:3000/goto/9dHvw3JHR?orgId=1,12641,34372,89,85,52,87,,,üî¥,,,,,
http://localhost:3000/goto/9dHvw3JHR?orgId=1,12635,6496,96,56,33,98,,,,,,,,
http://localhost:3000/goto/9dHvw3JHR?orgId=1,12105,30154,80,68,95,100,,,,,,,,
http://localhost:3000/goto/9dHvw3JHR?orgId=1,12509,38132,56,40,35,88,,,,,,üî¥,,
http://localhost:3000/goto/9dHvw3JHR?orgId=1,12152,29154,46,67,33,96,,,,,,,,
http://localhost:3000/goto/9dHvw3JHR?orgId=1,12486,36686,43,41,89,91,,üî¥,,,,,,
http://localhost:3000/goto/9dHvw3JHR?orgId=1,12258,8650,82,55,40,88,,,,,,,,
http://localhost:3000/goto/9dHvw3JHR?orgId=1,12640,41106,77,41,56,96,,,,,,,,
http://localhost:3000/goto/9dHvw3JHR?orgId=1,12015,28477,81,82,41,84,,,,,,,,üî¥
http://localhost:3000/goto/9dHvw3JHR?orgId=1,12445,9247,35,87,75,87,,,,,,,,
http://localhost:3000/goto/9dHvw3JHR?orgId=1,12460,48934,68,100,46,85,,,,,,,,
http://localhost:3000/goto/9dHvw3JHR?orgId=1,12548,9640,36,40,88,88,,,,,,üî¥,,
http://localhost:3000/goto/9dHvw3JHR?orgId=1,12027,46667,51,95,72,80,,,,,2.0,,,
http://localhost:3000/goto/9dHvw3JHR?orgId=1,12485,34816,49,71,49,90,,,,,,,,
http://localhost:3000/goto/9dHvw3JHR?orgId=1,12060,27577,30,90,72,97,,,,,,,,
http://localhost:3000/goto/9dHvw3JHR?orgId=1,12654,5258,34,51,75,91,,,,,,,,
http://localhost:3000/goto/9dHvw3JHR?orgId=1,12153,34106,52,37,51,100,,,,,,,,
http://localhost:3000/goto/9dHvw3JHR?orgId=1,12477,17579,78,100,40,94,,,,,,,,
http://localhost:3000/goto/9dHvw3JHR?orgId=1,12599,43066,35,92,63,89,,,,,,,,
http://localhost:3000/goto/9dHvw3JHR?orgId=1,12304,11401,97,59,88,91,,,,,,üî¥,,
http://localhost:3000/goto/9dHvw3JHR?orgId=1,12310,15052,98,79,48,91,,,,,,,,
http://localhost:3000/goto/9dHvw3JHR?orgId=1,12471,7639,80,96,96,90,,,,,,,,
http://localhost:3000/goto/9dHvw3JHR?orgId=1,12410,25441,32,41,68,87,,,,,,,üî¥,
http://localhost:3000/goto/9dHvw3JHR?orgId=1,12630,11044,67,51,53,96,,,üî¥,,,,,
http://localhost:3000/goto/9dHvw3JHR?orgId=1,12326,23665,39,79,64,99,,,,üî¥,,,,
http://localhost:3000/goto/9dHvw3JHR?orgId=1,12594,12655,34,46,67,82,,üî¥,,,,,,
http://localhost:3000/goto/9dHvw3JHR?orgId=1,12131,30254,32,59,78,86,,,,,,,,
http://localhost:3000/goto/9dHvw3JHR?orgId=1,12553,41000,37,99,64,81,,,üî¥,,,,,
http://localhost:3000/goto/9dHvw3JHR?orgId=1,12057,40440,56,83,51,90,,,,,,,,
http://localhost:3000/goto/9dHvw3JHR?orgId=1,12444,42148,100,85,36,95,,,,,,,,
http://localhost:3000/goto/9dHvw3JHR?orgId=1,12493,31292,84,72,64,80,,,,,,,,
http://localhost:3000/goto/9dHvw3JHR?orgId=1,12305,10223,53,65,84,92,,,,,,üî¥,,
http://localhost:3000/goto/9dHvw3JHR?orgId=1,12272,5739,30,52,92,93,,,,,,,,
http://localhost:3000/goto/9dHvw3JHR?orgId=1,12551,28412,69,87,47,85,,,,üî¥,,,,
http://localhost:3000/goto/9dHvw3JHR?orgId=1,12621,32275,66,72,84,89,,üî¥,,,,,,
http://localhost:3000/goto/9dHvw3JHR?orgId=1,12045,24557,89,41,92,80,,,,,,,,
http://localhost:3000/goto/9dHvw3JHR?orgId=1,12036,19706,69,85,51,99,,,üî¥,,,,,
http://localhost:3000/goto/9dHvw3JHR?orgId=1,12452,30507,34,43,42,96,,,,,,,üî¥,
http://localhost:3000/goto/9dHvw3JHR?orgId=1,12361,44639,66,84,87,88,,,,,,,,
http://localhost:3000/goto/9dHvw3JHR?orgId=1,12369,41579,97,42,62,99,,,,,,,üî¥,
http://localhost:3000/goto/9dHvw3JHR?orgId=1,12348,45354,37,58,90,100,,,,,,,,
http://localhost:3000/goto/9dHvw3JHR?orgId=1,12413,30214,80,92,60,86,,,,,,,,
http://localhost:3000/goto/9dHvw3JHR?orgId=1,12438,24618,60,84,42,92,,,,,,,,
http://localhost:3000/goto/9dHvw3JHR?orgId=1,12426,40875,58,41,51,97,,,,,,,,
http://localhost:3000/goto/9dHvw3JHR?orgId=1,12667,13719,81,39,39,82,,,,,,,,
http://localhost:3000/goto/9dHvw3JHR?orgId=1,12674,41329,50,33,50,98,,,,,,üî¥,,
http://localhost:3000/goto/9dHvw3JHR?orgId=1,12067,45774,55,78,47,86,,,,,,,,
http://localhost:3000/goto/9dHvw3JHR?orgId=1,12077,10852,50,76,91,88,,,,üî¥,,üî¥,,
http://localhost:3000/goto/9dHvw3JHR?orgId=1,12383,46789,77,79,87,100,,,,,,,,
http://localhost:3000/goto/9dHvw3JHR?orgId=1,12528,15634,68,48,50,98,,,,,,,,
http://localhost:3000/goto/9dHvw3JHR?orgId=1,12473,37379,61,77,31,88,,,,,,,,üî¥
http://localhost:3000/goto/9dHvw3JHR?orgId=1,12463,14490,46,87,70,88,,,,,,,,üî¥
http://localhost:3000/goto/9dHvw3JHR?orgId=1,12456,39738,88,53,63,80,,üî¥,,,,,,
http://localhost:3000/goto/9dHvw3JHR?orgId=1,12260,19266,61,30,80,81,,,,,,,,
http://localhost:3000/goto/9dHvw3JHR?orgId=1,12329,8247,40,81,86,100,,,,,,,,
http://localhost:3000/goto/9dHvw3JHR?orgId=1,12005,6365,30,54,44,92,,,,,,,,
http://localhost:3000/goto/9dHvw3JHR?orgId=1,12308,39427,99,31,50,98,,,,üî¥,,,üî¥,
http://localhost:3000/goto/9dHvw3JHR?orgId=1,12104,43762,46,89,76,95,,,,,,,,
http://localhost:3000/goto/9dHvw3JHR?orgId=1,12076,18334,72,65,66,91,,,,,,,,
http://localhost:3000/goto/9dHvw3JHR?orgId=1,12112,12437,99,84,57,81,,,,,,,,
http://localhost:3000/goto/9dHvw3JHR?orgId=1,12575,5430,98,82,40,95,,,,,,,,
http://localhost:3000/goto/9dHvw3JHR?orgId=1,12566,41398,91,32,47,97,,,üî¥,,,,,
http://localhost:3000/goto/9dHvw3JHR?orgId=1,12346,20395,99,53,87,97,,,üî¥,,,,üî¥,
http://localhost:3000/goto/9dHvw3JHR?orgId=1,12399,23530,91,97,58,96,,,,,,,,
http://localhost:3000/goto/9dHvw3JHR?orgId=1,12545,41704,30,99,32,92,,,,,,,,
http://localhost:3000/goto/9dHvw3JHR?orgId=1,12603,14192,86,42,86,97,,,,üî¥,,,,
http://localhost:3000/goto/9dHvw3JHR?orgId=1,12451,28688,50,74,82,83,,,,,,,,
http://localhost:3000/goto/9dHvw3JHR?orgId=1,12427,31385,50,57,52,93,,,,,,üî¥,,
http://localhost:3000/goto/9dHvw3JHR?orgId=1,12276,49570,75,63,77,83,,,,,,,üî¥,
http://localhost:3000/goto/9dHvw3JHR?orgId=1,12589,37095,55,96,100,86,,,,,,,,
http://localhost:3000/goto/9dHvw3JHR?orgId=1,12583,23932,59,80,42,80,,,,,2.0,,,
http://localhost:3000/goto/9dHvw3JHR?orgId=1,12619,39793,50,58,40,85,,üî¥,,,,,,
http://localhost:3000/goto/9dHvw3JHR?orgId=1,12430,13427,65,48,100,84,,,üî¥,,,,,
http://localhost:3000/goto/9dHvw3JHR?orgId=1,12540,8789,42,87,65,100,,,üî¥,,,,,
http://localhost:3000/goto/9dHvw3JHR?orgId=1,12226,30696,91,73,41,83,,,,,,,,
http://localhost:3000/goto/9dHvw3JHR?orgId=1,12656,31190,100,66,86,99,,,,,,üî¥,,
http://localhost:3000/goto/9dHvw3JHR?orgId=1,12037,30184,100,98,98,85,1.0,,,,,,,
http://localhost:3000/goto/9dHvw3JHR?orgId=1,12556,44218,89,73,30,96,,,,,,,,
http://localhost:3000/goto/9dHvw3JHR?orgId=1,12193,10887,36,68,42,94,,,,,,,,
http://localhost:3000/goto/9dHvw3JHR?orgId=1,12302,17527,49,61,40,84,,,,,,üî¥,,
http://localhost:3000/goto/9dHvw3JHR?orgId=1,12345,34747,48,81,66,82,,,,,2.0,,,
http://localhost:3000/goto/9dHvw3JHR?orgId=1,12622,32995,64,32,53,91,1.0,,,,,,,
http://localhost:3000/goto/9dHvw3JHR?orgId=1,12475,10197,75,71,78,99,,,,,,,,
http://localhost:3000/goto/9dHvw3JHR?orgId=1,12261,9383,92,72,84,87,,,,,,,,
http://localhost:3000/goto/9dHvw3JHR?orgId=1,12307,13764,91,92,76,94,,,,,,,,
http://localhost:3000/goto/9dHvw3JHR?orgId=1,12507,19062,75,85,61,85,1.0,,,,,,,
http://localhost:3000/goto/9dHvw3JHR?orgId=1,12187,37275,58,68,34,81,,,,,,,,
http://localhost:3000/goto/9dHvw3JHR?orgId=1,12238,15044,88,39,37,85,,,,,,,,
http://localhost:3000/goto/9dHvw3JHR?orgId=1,12068,13135,78,43,57,96,,,,,,,,
http://localhost:3000/goto/9dHvw3JHR?orgId=1,12366,26581,64,98,32,93,,,,,,,,
http://localhost:3000/goto/9dHvw3JHR?orgId=1,12107,14127,30,99,61,88,,,üî¥,,,,,
http://localhost:3000/goto/9dHvw3JHR?orgId=1,12198,48332,86,40,38,83,,,,,,,,
http://localhost:3000/goto/9dHvw3JHR?orgId=1,12317,42991,42,42,85,93,,,,,,,,
http://localhost:3000/goto/9dHvw3JHR?orgId=1,12012,39850,49,59,70,84,,,,,,,,
http://localhost:3000/goto/9dHvw3JHR?orgId=1,12447,46532,77,74,56,98,,,,,,,,
http://localhost:3000/goto/9dHvw3JHR?orgId=1,12670,39944,74,65,49,80,,,,,,,,
http://localhost:3000/goto/9dHvw3JHR?orgId=1,12389,15097,57,74,67,86,,,,,,,,
http://localhost:3000/goto/9dHvw3JHR?orgId=1,12380,19965,81,64,65,93,,,,,,,,
http://localhost:3000/goto/9dHvw3JHR?orgId=1,12537,35620,53,86,50,83,,,,,,,,
http://localhost:3000/goto/9dHvw3JHR?orgId=1,12615,8330,48,30,51,99,,,,,,,,
http://localhost:3000/goto/9dHvw3JHR?orgId=1,12086,39393,57,90,83,98,,,,üî¥,,,,
http://localhost:3000/goto/9dHvw3JHR?orgId=1,12042,45133,34,82,32,99,,,,,,,,
http://localhost:3000/goto/9dHvw3JHR?orgId=1,12266,23248,54,66,77,91,,,,,,,,
http://localhost:3000/goto/9dHvw3JHR?orgId=1,12158,30397,81,89,32,88,,,,,,,,
http://localhost:3000/goto/9dHvw3JHR?orgId=1,12083,18551,34,34,62,94,,,,,,,,
http://localhost:3000/goto/9dHvw3JHR?orgId=1,12638,46108,73,84,91,87,,,,,2.0,,,
http://localhost:3000/goto/9dHvw3JHR?orgId=1,12041,10079,100,56,75,89,,,,,,,,
http://localhost:3000/goto/9dHvw3JHR?orgId=1,12140,31676,72,34,94,87,,,,,,,,
http://localhost:3000/goto/9dHvw3JHR?orgId=1,12126,49358,95,91,83,80,,,,,,,,
http://localhost:3000/goto/9dHvw3JHR?orgId=1,12506,21163,76,56,70,83,,,üî¥,,,,,
http://localhost:3000/goto/9dHvw3JHR?orgId=1,12572,17744,95,31,71,97,,,,,,üî¥,,
http://localhost:3000/goto/9dHvw3JHR?orgId=1,12453,47314,51,70,91,95,,,,üî¥,,,,
http://localhost:3000/goto/9dHvw3JHR?orgId=1,12666,37485,45,68,65,89,,,,,,,,
http://localhost:3000/goto/9dHvw3JHR?orgId=1,12543,27304,62,79,68,91,,,,,,,,
http://localhost:3000/goto/9dHvw3JHR?orgId=1,12402,45904,59,96,83,83,,,,üî¥,,,,
http://localhost:3000/goto/9dHvw3JHR?orgId=1,12115,48031,55,60,72,84,,,,,,,,
http://localhost:3000/goto/9dHvw3JHR?orgId=1,12370,7781,77,76,49,88,,,,,,,,
http://localhost:3000/goto/9dHvw3JHR?orgId=1,12571,36760,64,99,49,97,,,,,,,,
http://localhost:3000/goto/9dHvw3JHR?orgId=1,12289,19326,48,82,55,100,,,,,2.0,,,
http://localhost:3000/goto/9dHvw3JHR?orgId=1,12143,33958,52,78,64,100,,,,üî¥,,üî¥,,
http://localhost:3000/goto/9dHvw3JHR?orgId=1,12017,30428,90,69,55,98,,,,,,,,
http://localhost:3000/goto/9dHvw3JHR?orgId=1,12651,33750,78,81,33,95,1.0,,,,,,,
http://localhost:3000/goto/9dHvw3JHR?orgId=1,12336,25401,67,79,89,88,,,,,,,,
http://localhost:3000/goto/9dHvw3JHR?orgId=1,12546,25329,91,42,73,94,,,,,,,,
http://localhost:3000/goto/9dHvw3JHR?orgId=1,12117,44555,79,43,69,86,,,,,,,,
http://localhost:3000/goto/9dHvw3JHR?orgId=1,12231,11283,35,80,66,98,,,,,,,,üî¥
http://localhost:3000/goto/9dHvw3JHR?orgId=1,12123,12472,95,72,73,87,,,,,,,,
http://localhost:3000/goto/9dHvw3JHR?orgId=1,12170,16211,60,65,48,100,,,,,,,,
http://localhost:3000/goto/9dHvw3JHR?orgId=1,12605,7878,39,64,74,89,,,,,,,,
http://localhost:3000/goto/9dHvw3JHR?orgId=1,12524,8257,98,57,95,93,,,üî¥,,,,,
http://localhost:3000/goto/9dHvw3JHR?orgId=1,12014,14170,97,93,69,83,,,,,,,,
http://localhost:3000/goto/9dHvw3JHR?orgId=1,12644,17244,69,71,92,98,,,,,,,,
http://localhost:3000/goto/9dHvw3JHR?orgId=1,12038,49954,80,69,41,86,,,,,,,,
http://localhost:3000/goto/9dHvw3JHR?orgId=1,12520,7120,56,31,97,91,,,,,,,,
http://localhost:3000/goto/9dHvw3JHR?orgId=1,12033,38549,84,100,82,96,,üî¥,,,,,,
http://localhost:3000/goto/9dHvw3JHR?orgId=1,12070,18864,49,75,36,88,,,,,,,,
http://localhost:3000/goto/9dHvw3JHR?orgId=1,12337,41767,60,61,38,86,,,,,,,,üî¥
http://localhost:3000/goto/9dHvw3JHR?orgId=1,12618,24528,82,44,82,100,,,,,,,,
http://localhost:3000/goto/9dHvw3JHR?orgId=1,12294,47783,94,39,67,98,,üî¥,,,2.0,,,
http://localhost:3000/goto/9dHvw3JHR?orgId=1,12239,33999,49,33,96,90,,,,,,,,
http://localhost:3000/goto/9dHvw3JHR?orgId=1,12073,9034,67,78,93,87,,,,,,,,
http://localhost:3000/goto/9dHvw3JHR?orgId=1,12292,26438,46,69,65,95,,,,,,,,
http://localhost:3000/goto/9dHvw3JHR?orgId=1,12356,15761,45,79,54,80,,,,,,,,
http://localhost:3000/goto/9dHvw3JHR?orgId=1,12101,22679,75,58,78,90,,,,,,,,
http://localhost:3000/goto/9dHvw3JHR?orgId=1,12464,48197,56,89,75,84,,,,,,,,
http://localhost:3000/goto/9dHvw3JHR?orgId=1,12384,8233,92,68,35,80,,,,,,,,
http://localhost:3000/goto/9dHvw3JHR?orgId=1,12609,22319,76,45,100,93,,,,,,,,
http://localhost:3000/goto/9dHvw3JHR?orgId=1,12357,46213,97,72,59,96,,,,,,,,
http://localhost:3000/goto/9dHvw3JHR?orgId=1,12119,35263,85,79,84,84,,,,,,üî¥,,
http://localhost:3000/goto/9dHvw3JHR?orgId=1,12441,5652,51,78,64,91,,,,üî¥,,,,üî¥
http://localhost:3000/goto/9dHvw3JHR?orgId=1,12581,42764,86,57,46,97,,,,,,,,
http://localhost:3000/goto/9dHvw3JHR?orgId=1,12462,26478,34,68,45,93,,,,üî¥,,,,
http://localhost:3000/goto/9dHvw3JHR?orgId=1,12277,21125,50,87,44,80,,,,,,,,
http://localhost:3000/goto/9dHvw3JHR?orgId=1,12210,31200,78,37,31,91,,,üî¥,,,,,
http://localhost:3000/goto/9dHvw3JHR?orgId=1,12437,22518,37,31,47,90,,,,,,,,
http://localhost:3000/goto/9dHvw3JHR?orgId=1,12016,33102,30,43,88,95,,,,,,,,
http://localhost:3000/goto/9dHvw3JHR?orgId=1,12601,10994,55,88,83,100,,,,,,,,
http://localhost:3000/goto/9dHvw3JHR?orgId=1,12100,25116,51,46,59,100,,,,,,,,
http://localhost:3000/goto/9dHvw3JHR?orgId=1,12549,36230,80,48,83,91,,,,,,,,
http://localhost:3000/goto/9dHvw3JHR?orgId=1,12195,40155,65,48,81,93,,,,,,,,
http://localhost:3000/goto/9dHvw3JHR?orgId=1,12568,48103,37,33,30,98,,,,,,,,
http://localhost:3000/goto/9dHvw3JHR?orgId=1,12636,34015,94,71,70,93,,,,,,,üî¥,
http://localhost:3000/goto/9dHvw3JHR?orgId=1,12164,5591,46,78,74,100,,,,,,,,
http://localhost:3000/goto/9dHvw3JHR?orgId=1,12631,34403,50,54,31,82,,,,,,,,
http://localhost:3000/goto/9dHvw3JHR?orgId=1,12133,21361,40,80,91,92,,,,,,,,
http://localhost:3000/goto/9dHvw3JHR?orgId=1,12632,22605,92,88,43,87,,,,,,,,
http://localhost:3000/goto/9dHvw3JHR?orgId=1,12141,38621,76,58,50,83,,,,,,üî¥,,
http://localhost:3000/goto/9dHvw3JHR?orgId=1,12122,47862,89,48,30,91,,,,,,,,
http://localhost:3000/goto/9dHvw3JHR?orgId=1,12650,49249,92,49,53,86,,,,,,,,
http://localhost:3000/goto/9dHvw3JHR?orgId=1,12080,14163,73,71,32,89,,,,,,,,
http://localhost:3000/goto/9dHvw3JHR?orgId=1,12251,49581,55,65,42,82,,,,,,,,
http://localhost:3000/goto/9dHvw3JHR?orgId=1,12099,14442,53,77,37,84,,,,,,,,
http://localhost:3000/goto/9dHvw3JHR?orgId=1,12318,48387,37,94,73,96,,,,,,,,
http://localhost:3000/goto/9dHvw3JHR?orgId=1,12135,13129,70,73,38,81,,,,,,,,
http://localhost:3000/goto/9dHvw3JHR?orgId=1,12555,37010,81,37,100,91,,,,,,üî¥,,
http://localhost:3000/goto/9dHvw3JHR?orgId=1,12629,13594,35,39,75,95,,,,,,,,
http://localhost:3000/goto/9dHvw3JHR?orgId=1,12063,16029,77,84,72,88,,,,,,,,
http://localhost:3000/goto/9dHvw3JHR?orgId=1,12574,13144,48,96,58,96,,,,,,,,
http://localhost:3000/goto/9dHvw3JHR?orgId=1,12025,15696,45,64,61,90,,,üî¥,,,,,
http://localhost:3000/goto/9dHvw3JHR?orgId=1,12190,13781,91,75,31,89,,,,,,,,
http://localhost:3000/goto/9dHvw3JHR?orgId=1,12397,30242,81,87,98,88,,,,,,,,
http://localhost:3000/goto/9dHvw3JHR?orgId=1,12111,24325,56,51,82,96,,,,,,,,
http://localhost:3000/goto/9dHvw3JHR?orgId=1,12066,30953,46,99,44,91,,,,,,,,
http://localhost:3000/goto/9dHvw3JHR?orgId=1,12660,21946,39,58,76,96,,,,üî¥,3.0,,,
http://localhost:3000/goto/9dHvw3JHR?orgId=1,12372,8563,48,95,50,87,,,,üî¥,,,,
http://localhost:3000/goto/9dHvw3JHR?orgId=1,12092,22710,66,31,79,94,,,üî¥,,,,,
http://localhost:3000/goto/9dHvw3JHR?orgId=1,12454,13958,34,71,48,100,,,,,,,,
http://localhost:3000/goto/9dHvw3JHR?orgId=1,12600,49601,90,99,32,81,,,,,,,,üî¥
http://localhost:3000/goto/9dHvw3JHR?orgId=1,12672,13283,88,45,84,93,,,,,,,,üî¥
http://localhost:3000/goto/9dHvw3JHR?orgId=1,12658,49956,39,56,58,92,,,,,,,,
http://localhost:3000/goto/9dHvw3JHR?orgId=1,12160,35952,88,73,90,97,,,,,,,,
http://localhost:3000/goto/9dHvw3JHR?orgId=1,12436,11440,47,37,84,92,,,,,,,,
http://localhost:3000/goto/9dHvw3JHR?orgId=1,12096,31924,99,97,43,81,,,,,,,,
http://localhost:3000/goto/9dHvw3JHR?orgId=1,12395,18724,40,83,86,84,,,üî¥,,,üî¥,,
http://localhost:3000/goto/9dHvw3JHR?orgId=1,12306,43040,48,78,75,83,,,,,,,,
http://localhost:3000/goto/9dHvw3JHR?orgId=1,12482,45043,31,90,75,87,,,,,,,,
http://localhost:3000/goto/9dHvw3JHR?orgId=1,12529,37512,56,91,77,80,,,,,,,,üî¥
http://localhost:3000/goto/9dHvw3JHR?orgId=1,12009,20996,81,54,50,98,,,,,,üî¥,üî¥,
http://localhost:3000/goto/9dHvw3JHR?orgId=1,12055,13599,74,37,45,97,,,,,,,,
http://localhost:3000/goto/9dHvw3JHR?orgId=1,12480,42748,78,65,91,87,,,,,,,,
http://localhost:3000/goto/9dHvw3JHR?orgId=1,12362,5658,39,46,46,94,,,,,,,,
http://localhost:3000/goto/9dHvw3JHR?orgId=1,12321,26796,35,100,97,84,,,,,,,,
http://localhost:3000/goto/9dHvw3JHR?orgId=1,12222,17629,44,48,60,99,,,,,,,üî¥,
http://localhost:3000/goto/9dHvw3JHR?orgId=1,12396,35089,98,53,54,82,,,,,,,,
http://localhost:3000/goto/9dHvw3JHR?orgId=1,12659,32977,97,69,74,99,,,,,,,,
http://localhost:3000/goto/9dHvw3JHR?orgId=1,12625,29943,42,91,57,81,3.0,,,,,,,
http://localhost:3000/goto/9dHvw3JHR?orgId=1,12171,15163,46,40,53,94,,,,,,,,
http://localhost:3000/goto/9dHvw3JHR?orgId=1,12003,5108,65,77,64,87,,,,üî¥,,,,
http://localhost:3000/goto/9dHvw3JHR?orgId=1,12515,32005,77,57,48,93,,,,,,,üî¥,
http://localhost:3000/goto/9dHvw3JHR?orgId=1,12163,40014,67,47,94,88,,,,,,,üî¥,
http://localhost:3000/goto/9dHvw3JHR?orgId=1,12257,41726,46,91,81,83,,,,üî¥,,,,
http://localhost:3000/goto/9dHvw3JHR?orgId=1,12657,9068,66,81,71,81,,,,,,,,
http://localhost:3000/goto/9dHvw3JHR?orgId=1,12457,47797,40,57,59,99,,,,,,üî¥,,
http://localhost:3000/goto/9dHvw3JHR?orgId=1,12159,16433,81,65,33,87,,,,,,,,
http://localhost:3000/goto/9dHvw3JHR?orgId=1,12496,25064,79,70,43,95,,,,,,,,
http://localhost:3000/goto/9dHvw3JHR?orgId=1,12054,29286,47,67,98,88,,,,,,,,
http://localhost:3000/goto/9dHvw3JHR?orgId=1,12522,14470,37,50,36,99,,üî¥,,,,,,
http://localhost:3000/goto/9dHvw3JHR?orgId=1,12491,45221,47,97,32,86,,,,,,,,
http://localhost:3000/goto/9dHvw3JHR?orgId=1,12526,21617,75,94,85,100,,,,,,,,
http://localhost:3000/goto/9dHvw3JHR?orgId=1,12354,27856,63,38,95,80,,,,,,,,
http://localhost:3000/goto/9dHvw3JHR?orgId=1,12467,43565,40,100,34,100,,,,,,,,
http://localhost:3000/goto/9dHvw3JHR?orgId=1,12405,11050,76,62,57,95,,,,,,,üî¥,
http://localhost:3000/goto/9dHvw3JHR?orgId=1,12408,13780,50,34,51,99,,,,,,,üî¥,
http://localhost:3000/goto/9dHvw3JHR?orgId=1,12616,13495,68,64,48,85,,,,,,,,
http://localhost:3000/goto/9dHvw3JHR?orgId=1,12022,20626,52,40,63,98,,,,,,,,
http://localhost:3000/goto/9dHvw3JHR?orgId=1,12334,37259,45,75,83,88,,,,,,üî¥,,
http://localhost:3000/goto/9dHvw3JHR?orgId=1,12034,48004,45,51,77,83,,,üî¥,,,,,
http://localhost:3000/goto/9dHvw3JHR?orgId=1,12079,8208,38,48,59,91,,,,,,,,
http://localhost:3000/goto/9dHvw3JHR?orgId=1,12593,45034,57,90,68,81,,,,,,üî¥,,
http://localhost:3000/goto/9dHvw3JHR?orgId=1,12338,13822,88,31,49,98,,,,,,,,
http://localhost:3000/goto/9dHvw3JHR?orgId=1,12232,38724,66,88,64,85,2.0,,,,,,,
http://localhost:3000/goto/9dHvw3JHR?orgId=1,12582,39907,76,80,31,85,,,,,,,,
http://localhost:3000/goto/9dHvw3JHR?orgId=1,12139,19156,47,48,37,80,,,,,,,üî¥,
http://localhost:3000/goto/9dHvw3JHR?orgId=1,12185,5653,47,95,85,83,,,,,,,,
http://localhost:3000/goto/9dHvw3JHR?orgId=1,12081,9832,47,66,54,84,,,,,,,,
http://localhost:3000/goto/9dHvw3JHR?orgId=1,12031,33658,68,50,88,80,,,,,,,,
http://localhost:3000/goto/9dHvw3JHR?orgId=1,12432,39686,56,70,60,96,,,,,,,,
http://localhost:3000/goto/9dHvw3JHR?orgId=1,12274,21505,68,58,45,96,,,,,,,,
http://localhost:3000/goto/9dHvw3JHR?orgId=1,12497,39666,46,89,71,86,,,,,,üî¥,,
http://localhost:3000/goto/9dHvw3JHR?orgId=1,12087,37212,48,96,73,91,,,,,,,,
http://localhost:3000/goto/9dHvw3JHR?orgId=1,12586,18525,63,66,57,88,,,,,1.0,,,
http://localhost:3000/goto/9dHvw3JHR?orgId=1,12314,37001,70,94,48,91,,,,üî¥,1.0,,,
http://localhost:3000/goto/9dHvw3JHR?orgId=1,12224,40554,83,100,50,81,,,üî¥,,,,,
http://localhost:3000/goto/9dHvw3JHR?orgId=1,12142,45252,86,98,32,89,,,,,,,,
http://localhost:3000/goto/9dHvw3JHR?orgId=1,12120,23019,54,50,57,88,,,,,,,,
http://localhost:3000/goto/9dHvw3JHR?orgId=1,12206,32838,46,50,69,81,,,,,,,,
http://localhost:3000/goto/9dHvw3JHR?orgId=1,12217,18241,65,94,55,85,,,,,,,,
http://localhost:3000/goto/9dHvw3JHR?orgId=1,12412,23882,49,43,57,99,,,,,,,,
http://localhost:3000/goto/9dHvw3JHR?orgId=1,12373,26516,98,90,45,99,,,,,,,,
http://localhost:3000/goto/9dHvw3JHR?orgId=1,12191,34196,53,100,55,80,,,,,,üî¥,,
http://localhost:3000/goto/9dHvw3JHR?orgId=1,12211,8957,69,58,55,83,,,,,,,,
http://localhost:3000/goto/9dHvw3JHR?orgId=1,12069,15175,84,35,32,96,,,,,,,,
http://localhost:3000/goto/9dHvw3JHR?orgId=1,12156,46002,59,96,48,85,,,,,,,,
http://localhost:3000/goto/9dHvw3JHR?orgId=1,12429,26785,55,98,95,90,,,,,,üî¥,,
http://localhost:3000/goto/9dHvw3JHR?orgId=1,12374,30707,76,71,86,81,,,,,,,,
http://localhost:3000/goto/9dHvw3JHR?orgId=1,12610,39872,37,93,39,90,,,,,,üî¥,,
http://localhost:3000/goto/9dHvw3JHR?orgId=1,12351,46629,40,95,85,81,1.0,,,,,,,
http://localhost:3000/goto/9dHvw3JHR?orgId=1,12633,37337,99,77,35,93,,,üî¥,,,,,
http://localhost:3000/goto/9dHvw3JHR?orgId=1,12535,41985,84,71,70,83,,üî¥,,,,,,
http://localhost:3000/goto/9dHvw3JHR?orgId=1,12121,22668,43,38,30,97,,,,,,,,
http://localhost:3000/goto/9dHvw3JHR?orgId=1,12576,13139,63,95,85,99,,,,,,,,
http://localhost:3000/goto/9dHvw3JHR?orgId=1,12138,39251,79,35,98,95,,,,,2.0,,,
http://localhost:3000/goto/9dHvw3JHR?orgId=1,12097,37621,97,87,45,87,,üî¥,,,,,,
http://localhost:3000/goto/9dHvw3JHR?orgId=1,12165,14923,99,71,97,91,,,,,,üî¥,,
http://localhost:3000/goto/9dHvw3JHR?orgId=1,12098,31014,35,66,62,94,,,,,,,,
http://localhost:3000/goto/9dHvw3JHR?orgId=1,12500,46592,67,66,88,87,,üî¥,üî¥,,,üî¥,,
http://localhost:3000/goto/9dHvw3JHR?orgId=1,12514,33800,37,59,44,97,,,,,,,,
http://localhost:3000/goto/9dHvw3JHR?orgId=1,12010,17809,49,37,100,96,,,,,,,,
http://localhost:3000/goto/9dHvw3JHR?orgId=1,12414,18451,68,94,92,93,,,,,,,,
http://localhost:3000/goto/9dHvw3JHR?orgId=1,12011,40404,30,46,96,98,1.0,,,,,,,
http://localhost:3000/goto/9dHvw3JHR?orgId=1,12646,18027,96,83,68,85,,,üî¥,,,,,
http://localhost:3000/goto/9dHvw3JHR?orgId=1,12577,42293,92,57,89,96,,,,,,,,
http://localhost:3000/goto/9dHvw3JHR?orgId=1,12342,34336,80,43,63,82,,,,,,,,
http://localhost:3000/goto/9dHvw3JHR?orgId=1,12085,27164,70,99,37,86,,,,,,,,
http://localhost:3000/goto/9dHvw3JHR?orgId=1,12578,46998,50,93,75,88,,,,,,,,
http://localhost:3000/goto/9dHvw3JHR?orgId=1,12643,7222,43,99,98,98,,,üî¥,,,,,
http://localhost:3000/goto/9dHvw3JHR?orgId=1,12065,40162,59,89,72,93,,üî¥,,,,,,
http://localhost:3000/goto/9dHvw3JHR?orgId=1,12173,33751,56,52,51,99,,,,,,,,
http://localhost:3000/goto/9dHvw3JHR?orgId=1,12002,42068,93,31,67,98,,,,,2.0,,,
http://localhost:3000/goto/9dHvw3JHR?orgId=1,12209,12136,79,57,82,94,,üî¥,,üî¥,,,,
http://localhost:3000/goto/9dHvw3JHR?orgId=1,12655,12031,62,30,98,99,,,,,,,,
http://localhost:3000/goto/9dHvw3JHR?orgId=1,12661,11536,97,44,71,100,,,,,,,,
http://localhost:3000/goto/9dHvw3JHR?orgId=1,12043,30471,69,77,86,93,,,,,,,,
http://localhost:3000/goto/9dHvw3JHR?orgId=1,12283,45453,92,75,81,80,,,,,,,,
http://localhost:3000/goto/9dHvw3JHR?orgId=1,12236,40368,43,97,51,83,,,,,,,üî¥,
http://localhost:3000/goto/9dHvw3JHR?orgId=1,12291,5674,30,51,90,94,,,,,,,,
http://localhost:3000/goto/9dHvw3JHR?orgId=1,12116,48071,62,55,94,97,,,,,,,,
http://localhost:3000/goto/9dHvw3JHR?orgId=1,12521,24616,60,93,87,82,,,,,,,,
http://localhost:3000/goto/9dHvw3JHR?orgId=1,12124,39114,51,92,38,83,,,,,2.0,,,
http://localhost:3000/goto/9dHvw3JHR?orgId=1,12558,5932,73,78,100,89,,,,,,,üî¥,
http://localhost:3000/goto/9dHvw3JHR?orgId=1,12223,23380,57,74,60,87,,,,,,,,
http://localhost:3000/goto/9dHvw3JHR?orgId=1,12078,18042,45,47,49,89,,,,,,,,
http://localhost:3000/goto/9dHvw3JHR?orgId=1,12161,44806,50,50,84,100,,,,üî¥,,,,
http://localhost:3000/goto/9dHvw3JHR?orgId=1,12355,13075,71,51,32,83,,,,üî¥,,,,
http://localhost:3000/goto/9dHvw3JHR?orgId=1,12668,35742,33,83,31,96,,,,,,,,
http://localhost:3000/goto/9dHvw3JHR?orgId=1,12645,29119,77,65,94,82,,,,,,,,
http://localhost:3000/goto/9dHvw3JHR?orgId=1,12588,18428,30,43,70,87,,,,,,,,
http://localhost:3000/goto/9dHvw3JHR?orgId=1,12499,14415,71,31,44,95,2.0,,,,,,üî¥,
http://localhost:3000/goto/9dHvw3JHR?orgId=1,12270,5858,81,37,62,82,,,,,,,,
http://localhost:3000/goto/9dHvw3JHR?orgId=1,12391,46067,35,55,44,99,,,üî¥,,,üî¥,,
http://localhost:3000/goto/9dHvw3JHR?orgId=1,12240,7426,93,73,48,91,,,,,,,,
http://localhost:3000/goto/9dHvw3JHR?orgId=1,12227,41103,36,59,72,82,,,,,,,,
http://localhost:3000/goto/9dHvw3JHR?orgId=1,12125,32282,62,40,96,90,,,,,,,,
http://localhost:3000/goto/9dHvw3JHR?orgId=1,12422,47437,94,30,64,97,,,üî¥,,,,,
http://localhost:3000/goto/9dHvw3JHR?orgId=1,12048,26979,35,81,53,99,,,,,,üî¥,,
http://localhost:3000/goto/9dHvw3JHR?orgId=1,12267,9726,84,54,86,85,,,,üî¥,,,,
http://localhost:3000/goto/9dHvw3JHR?orgId=1,12375,32419,88,81,73,95,,,,,3.0,,,
http://localhost:3000/goto/9dHvw3JHR?orgId=1,12192,20442,46,53,65,81,,,,,,,,
http://localhost:3000/goto/9dHvw3JHR?orgId=1,12538,45319,93,74,99,100,,,,,,,,
http://localhost:3000/goto/9dHvw3JHR?orgId=1,12498,8278,45,64,38,86,,,,,,,,
http://localhost:3000/goto/9dHvw3JHR?orgId=1,12484,33311,98,51,66,95,,,,,,,,
http://localhost:3000/goto/9dHvw3JHR?orgId=1,12662,10468,91,48,87,89,,,,,,,,
http://localhost:3000/goto/9dHvw3JHR?orgId=1,12144,5353,52,60,47,99,,,,,,,,
http://localhost:3000/goto/9dHvw3JHR?orgId=1,12216,37576,54,97,58,93,,,,,,,,
http://localhost:3000/goto/9dHvw3JHR?orgId=1,12201,31325,33,71,33,86,,,,,,,,
http://localhost:3000/goto/9dHvw3JHR?orgId=1,12401,28426,94,51,56,82,,,,,,,,
http://localhost:3000/goto/9dHvw3JHR?orgId=1,12282,49350,78,36,71,96,,,,,,,,
http://localhost:3000/goto/9dHvw3JHR?orgId=1,12278,38798,84,56,90,93,,,,,,,,
http://localhost:3000/goto/9dHvw3JHR?orgId=1,12504,9010,84,55,90,83,,,,,,,,
http://localhost:3000/goto/9dHvw3JHR?orgId=1,12256,15717,67,32,84,93,,,,,,,,
http://localhost:3000/goto/9dHvw3JHR?orgId=1,12542,39544,65,50,57,82,,,,,,,,
http://localhost:3000/goto/9dHvw3JHR?orgId=1,12259,49744,72,36,100,81,,,,,,,,
http://localhost:3000/goto/9dHvw3JHR?orgId=1,12208,43118,88,58,62,98,,,,,,,,
http://localhost:3000/goto/9dHvw3JHR?orgId=1,12573,44234,40,79,42,96,,,,,,,,
http://localhost:3000/goto/9dHvw3JHR?orgId=1,12565,32825,34,36,98,89,,,,,,,,
http://localhost:3000/goto/9dHvw3JHR?orgId=1,12415,6420,68,93,71,97,,,,,,,,
http://localhost:3000/goto/9dHvw3JHR?orgId=1,12284,42942,38,49,40,95,,,,,,üî¥,,
http://localhost:3000/goto/9dHvw3JHR?orgId=1,12365,10136,35,50,64,83,,,,,,,,
http://localhost:3000/goto/9dHvw3JHR?orgId=1,12420,46856,55,48,56,86,,,,,,,,
http://localhost:3000/goto/9dHvw3JHR?orgId=1,12592,39885,54,100,62,85,,,üî¥,,,,,
http://localhost:3000/goto/9dHvw3JHR?orgId=1,12331,11415,54,100,52,91,3.0,,,üî¥,,,,
http://localhost:3000/goto/9dHvw3JHR?orgId=1,12114,11215,72,68,66,98,,,,,,,,
http://localhost:3000/goto/9dHvw3JHR?orgId=1,12128,5371,57,81,30,99,,,,üî¥,,,,
http://localhost:3000/goto/9dHvw3JHR?orgId=1,12244,32759,78,30,33,100,,,,,,,üî¥,
http://localhost:3000/goto/9dHvw3JHR?orgId=1,12527,23848,34,77,89,83,,,,,,,,
http://localhost:3000/goto/9dHvw3JHR?orgId=1,12214,26289,69,41,86,89,,,,,,üî¥,,üî¥
http://localhost:3000/goto/9dHvw3JHR?orgId=1,12439,34562,52,71,95,86,,,,,,,,
http://localhost:3000/goto/9dHvw3JHR?orgId=1,12300,20902,49,68,63,99,,,,,,,,üî¥
http://localhost:3000/goto/9dHvw3JHR?orgId=1,12335,37658,45,54,30,95,,,,,,,,
http://localhost:3000/goto/9dHvw3JHR?orgId=1,12665,34128,62,69,41,95,,,,üî¥,,,,
http://localhost:3000/goto/9dHvw3JHR?orgId=1,12511,17136,65,98,54,80,,,üî¥,,,,,
http://localhost:3000/goto/9dHvw3JHR?orgId=1,12001,29141,78,91,75,83,,,,,,,,
http://localhost:3000/goto/9dHvw3JHR?orgId=1,12279,24378,91,66,36,87,,,,,,,,
http://localhost:3000/goto/9dHvw3JHR?orgId=1,12019,29101,100,98,52,90,2.0,,,,,,,
http://localhost:3000/goto/9dHvw3JHR?orgId=1,12177,17321,74,80,68,85,,,,,,,,
http://localhost:3000/goto/9dHvw3JHR?orgId=1,12118,32493,60,49,44,86,3.0,,,,,,,
http://localhost:3000/goto/9dHvw3JHR?orgId=1,12440,18160,93,69,37,89,,üî¥,,,1.0,,,
http://localhost:3000/goto/9dHvw3JHR?orgId=1,12204,10927,78,52,81,91,,,,,,,,
http://localhost:3000/goto/9dHvw3JHR?orgId=1,12421,40887,35,64,48,99,,,,,,,,
http://localhost:3000/goto/9dHvw3JHR?orgId=1,12479,25609,70,56,82,96,,,,,,,,
http://localhost:3000/goto/9dHvw3JHR?orgId=1,12072,8754,68,98,92,98,,üî¥,,,,,,
http://localhost:3000/goto/9dHvw3JHR?orgId=1,12110,34717,67,81,85,93,,,,,,,,
http://localhost:3000/goto/9dHvw3JHR?orgId=1,12487,44890,53,33,99,92,,,,,,,,
http://localhost:3000/goto/9dHvw3JHR?orgId=1,12213,47433,40,46,93,82,,,,,,üî¥,,
http://localhost:3000/goto/9dHvw3JHR?orgId=1,12298,32853,98,58,39,96,,,,,,,,
http://localhost:3000/goto/9dHvw3JHR?orgId=1,12147,34091,60,74,43,80,3.0,,,,,,,
http://localhost:3000/goto/9dHvw3JHR?orgId=1,12642,11580,46,45,47,85,,,,,,,,
http://localhost:3000/goto/9dHvw3JHR?orgId=1,12340,6510,61,36,61,92,,,,,,,,
http://localhost:3000/goto/9dHvw3JHR?orgId=1,12512,15533,71,54,54,95,,,,,,,üî¥,
http://localhost:3000/goto/9dHvw3JHR?orgId=1,12106,26783,69,98,79,98,,,,,,,,
http://localhost:3000/goto/9dHvw3JHR?orgId=1,12132,18035,96,48,59,100,,üî¥,,,,,,
http://localhost:3000/goto/9dHvw3JHR?orgId=1,12319,16311,64,90,39,97,,,üî¥,,2.0,,,
http://localhost:3000/goto/9dHvw3JHR?orgId=1,12468,29605,87,30,89,82,,,üî¥,,,,,
http://localhost:3000/goto/9dHvw3JHR?orgId=1,12407,10808,44,66,57,95,3.0,,,,,,,
http://localhost:3000/goto/9dHvw3JHR?orgId=1,12136,9701,80,54,84,97,,,,,,üî¥,,
http://localhost:3000/goto/9dHvw3JHR?orgId=1,12637,39809,83,52,46,85,,,,,,,,
http://localhost:3000/goto/9dHvw3JHR?orgId=1,12230,11673,68,46,92,85,,,,,,,,
http://localhost:3000/goto/9dHvw3JHR?orgId=1,12215,20159,31,79,42,94,,,,,,üî¥,,
http://localhost:3000/goto/9dHvw3JHR?orgId=1,12347,46730,53,96,59,92,1.0,,,,3.0,,,
http://localhost:3000/goto/9dHvw3JHR?orgId=1,12398,12582,79,38,69,88,,,,,,,,
http://localhost:3000/goto/9dHvw3JHR?orgId=1,12145,43007,79,93,78,84,,,,,,,,
http://localhost:3000/goto/9dHvw3JHR?orgId=1,12082,9595,68,97,39,96,,,,,,üî¥,,
http://localhost:3000/goto/9dHvw3JHR?orgId=1,12095,44517,80,30,96,85,,,,,,,,
http://localhost:3000/goto/9dHvw3JHR?orgId=1,12254,16617,32,88,66,89,,,,,,,,
http://localhost:3000/goto/9dHvw3JHR?orgId=1,12094,16907,91,85,93,89,,,,,,,,
http://localhost:3000/goto/9dHvw3JHR?orgId=1,12663,45399,98,77,63,80,,,,,,,üî¥,üî¥
http://localhost:3000/goto/9dHvw3JHR?orgId=1,12368,36259,63,40,41,87,,üî¥,,,,,,
http://localhost:3000/goto/9dHvw3JHR?orgId=1,12199,32327,63,83,95,90,2.0,,,,,,,
http://localhost:3000/goto/9dHvw3JHR?orgId=1,12247,22629,49,86,66,91,,,,,,,,
http://localhost:3000/goto/9dHvw3JHR?orgId=1,12442,6993,99,95,94,93,,,,,,,,
http://localhost:3000/goto/9dHvw3JHR?orgId=1,12343,24171,64,70,97,81,,,,,2.0,,,üî¥
http://localhost:3000/goto/9dHvw3JHR?orgId=1,12386,24208,48,41,57,91,,,,,,,,
http://localhost:3000/goto/9dHvw3JHR?orgId=1,12194,28060,34,85,31,91,1.0,,,,,,,
http://localhost:3000/goto/9dHvw3JHR?orgId=1,12623,6082,59,31,65,84,,,,,,,,üî¥
http://localhost:3000/goto/9dHvw3JHR?orgId=1,12030,8300,72,82,35,82,,,,,,,,
http://localhost:3000/goto/9dHvw3JHR?orgId=1,12612,14576,78,65,79,85,,,,,,,,
http://localhost:3000/goto/9dHvw3JHR?orgId=1,12246,9289,80,34,54,87,,,,,,,,üî¥
http://localhost:3000/goto/9dHvw3JHR?orgId=1,12252,35782,55,97,51,88,,,,,,,,üî¥
http://localhost:3000/goto/9dHvw3JHR?orgId=1,12443,5095,67,62,72,96,,,,,,,,
http://localhost:3000/goto/9dHvw3JHR?orgId=1,12587,11185,39,32,33,82,,,,,,,,üî¥
http://localhost:3000/goto/9dHvw3JHR?orgId=1,12134,40575,70,83,31,80,,üî¥,,,,,,
http://localhost:3000/goto/9dHvw3JHR?orgId=1,12481,34818,86,45,64,83,,,,,,üî¥,,
http://localhost:3000/goto/9dHvw3JHR?orgId=1,12675,23028,30,71,59,91,,,,,,,,
http://localhost:3000/goto/9dHvw3JHR?orgId=1,12596,43758,83,90,93,90,,,,,,,,
http://localhost:3000/goto/9dHvw3JHR?orgId=1,12446,11989,99,87,30,80,,,,,,,,
http://localhost:3000/goto/9dHvw3JHR?orgId=1,12416,41944,76,96,40,91,2.0,,,,,,,üî¥
http://localhost:3000/goto/9dHvw3JHR?orgId=1,12552,15189,83,74,61,97,,,,,,,,üî¥
http://localhost:3000/goto/9dHvw3JHR?orgId=1,12378,36455,91,38,89,84,,üî¥,,,,,,
http://localhost:3000/goto/9dHvw3JHR?orgId=1,12344,15610,76,33,93,98,,,,,,,,üî¥
http://localhost:3000/goto/9dHvw3JHR?orgId=1,12130,36495,38,33,71,92,,,,,,,,üî¥
http://localhost:3000/goto/9dHvw3JHR?orgId=1,12492,7720,35,69,73,96,,,,,,,,
http://localhost:3000/goto/9dHvw3JHR?orgId=1,12580,10937,88,73,88,91,,,,,,,,
http://localhost:3000/goto/9dHvw3JHR?orgId=1,12359,44861,34,80,61,84,,,,,,,,
http://localhost:3000/goto/9dHvw3JHR?orgId=1,12673,32542,31,61,51,100,,,,,2.0,,,üî¥
http://localhost:3000/goto/9dHvw3JHR?orgId=1,12196,6080,86,69,58,83,,,,üî¥,3.0,,,
http://localhost:3000/goto/9dHvw3JHR?orgId=1,12450,19147,96,39,91,83,,,,,,üî¥,,
http://localhost:3000/goto/9dHvw3JHR?orgId=1,12293,17477,88,44,76,93,,,,,,,,
http://localhost:3000/goto/9dHvw3JHR?orgId=1,12377,35473,47,53,55,94,,,,,,,,
http://localhost:3000/goto/9dHvw3JHR?orgId=1,12255,40893,93,39,39,94,,,,,,,,
http://localhost:3000/goto/9dHvw3JHR?orgId=1,12501,18088,94,55,84,96,,,,,,,,
http://localhost:3000/goto/9dHvw3JHR?orgId=1,12330,5406,66,37,81,90,,,,,,,,
http://localhost:3000/goto/9dHvw3JHR?orgId=1,12476,41292,33,46,66,81,,,,,,,,
http://localhost:3000/goto/9dHvw3JHR?orgId=1,12411,20226,38,50,65,96,,,,,1.0,,,
http://localhost:3000/goto/9dHvw3JHR?orgId=1,12013,17974,72,71,83,92,,,,,,üî¥,,
http://localhost:3000/goto/9dHvw3JHR?orgId=1,12047,5356,32,94,65,94,,,,,,,,
http://localhost:3000/goto/9dHvw3JHR?orgId=1,12392,19269,72,49,98,98,,,,,,,,
http://localhost:3000/goto/9dHvw3JHR?orgId=1,12461,37372,57,57,80,90,,,,,,,,
http://localhost:3000/goto/9dHvw3JHR?orgId=1,12564,22331,94,48,54,100,,,,,,,,
http://localhost:3000/goto/9dHvw3JHR?orgId=1,12385,12207,32,36,65,80,,,,,,,,üî¥
http://localhost:3000/goto/9dHvw3JHR?orgId=1,12137,33555,61,50,30,100,,,,,,üî¥,,
http://localhost:3000/goto/9dHvw3JHR?orgId=1,12388,32163,38,67,79,88,,,,,,,,
http://localhost:3000/goto/9dHvw3JHR?orgId=1,12606,24427,92,94,30,93,,üî¥,,,3.0,,,
http://localhost:3000/goto/9dHvw3JHR?orgId=1,12075,16056,82,77,90,93,,,,üî¥,,,,
http://localhost:3000/goto/9dHvw3JHR?orgId=1,12617,42377,88,51,77,94,,,,,,,,
http://localhost:3000/goto/9dHvw3JHR?orgId=1,12328,41933,93,88,59,92,,,,,,,,
http://localhost:3000/goto/9dHvw3JHR?orgId=1,12349,42442,81,90,82,90,,üî¥,,,,,,
http://localhost:3000/goto/9dHvw3JHR?orgId=1,12562,28604,30,42,72,81,,,,,3.0,,,
http://localhost:3000/goto/9dHvw3JHR?orgId=1,12108,24898,82,89,53,85,1.0,,,,,,,
http://localhost:3000/goto/9dHvw3JHR?orgId=1,12285,48896,100,56,55,87,,,,,,,,
http://localhost:3000/goto/9dHvw3JHR?orgId=1,12149,37817,39,94,55,94,,,,,,,üî¥,
http://localhost:3000/goto/9dHvw3JHR?orgId=1,12265,22362,41,40,32,80,,,,,,,üî¥,
http://localhost:3000/goto/9dHvw3JHR?orgId=1,12180,35001,73,56,89,92,,,,,,,,
http://localhost:3000/goto/9dHvw3JHR?orgId=1,12273,26739,46,100,85,89,,üî¥,,,,,üî¥,
http://localhost:3000/goto/9dHvw3JHR?orgId=1,12676,21995,85,83,41,85,,,,,,,,
http://localhost:3000/goto/9dHvw3JHR?orgId=1,12563,35323,81,60,87,97,,,,,,,,
http://localhost:3000/goto/9dHvw3JHR?orgId=1,12417,22882,30,64,64,80,,,,,,,,
http://localhost:3000/goto/9dHvw3JHR?orgId=1,12510,42133,100,50,46,84,,,,,,,,
http://localhost:3000/goto/9dHvw3JHR?orgId=1,12323,39652,40,74,81,83,,,,,,,,
http://localhost:3000/goto/9dHvw3JHR?orgId=1,12146,38204,79,74,31,97,,,,,,,üî¥,
http://localhost:3000/goto/9dHvw3JHR?orgId=1,12483,41032,36,86,43,80,3.0,,,,,,,
http://localhost:3000/goto/9dHvw3JHR?orgId=1,12669,25307,65,68,35,80,,,,,,,,
http://localhost:3000/goto/9dHvw3JHR?orgId=1,12044,26261,48,90,77,98,,,,,,,,üî¥
http://localhost:3000/goto/9dHvw3JHR?orgId=1,12056,14640,78,47,74,86,,,,,,,,üî¥
http://localhost:3000/goto/9dHvw3JHR?orgId=1,12505,22994,93,45,45,82,,,,,,,,
http://localhost:3000/goto/9dHvw3JHR?orgId=1,12148,40480,36,99,79,80,,,,,,üî¥,,
http://localhost:3000/goto/9dHvw3JHR?orgId=1,12167,20081,66,75,36,96,,,,,,,,
http://localhost:3000/goto/9dHvw3JHR?orgId=1,12320,47791,41,77,58,81,,,,,,,,
http://localhost:3000/goto/9dHvw3JHR?orgId=1,12129,13499,43,51,50,99,,,,,3.0,,,
http://localhost:3000/goto/9dHvw3JHR?orgId=1,12406,16340,64,62,49,81,,,,,,,,üî¥
http://localhost:3000/goto/9dHvw3JHR?orgId=1,12532,45120,66,78,65,95,,,,,,,,
http://localhost:3000/goto/9dHvw3JHR?orgId=1,12205,28147,73,42,30,90,,,,,,,,
http://localhost:3000/goto/9dHvw3JHR?orgId=1,12263,7606,54,91,38,92,,,,,,,,
http://localhost:3000/goto/9dHvw3JHR?orgId=1,12062,34599,50,74,34,95,,,,,,,,üî¥
http://localhost:3000/goto/9dHvw3JHR?orgId=1,12212,36094,34,47,81,94,1.0,,,,,,,
http://localhost:3000/goto/9dHvw3JHR?orgId=1,12647,38454,64,58,65,84,,,,,,,,
http://localhost:3000/goto/9dHvw3JHR?orgId=1,12530,42698,64,56,75,83,,,,,,,,
http://localhost:3000/goto/9dHvw3JHR?orgId=1,12628,34191,72,47,58,89,,,,,,,,
http://localhost:3000/goto/9dHvw3JHR?orgId=1,12567,29119,89,77,74,82,,,,,,,,
http://localhost:3000/goto/9dHvw3JHR?orgId=1,12376,43916,52,68,41,94,,,,,,,,
http://localhost:3000/goto/9dHvw3JHR?orgId=1,12021,19930,61,37,49,94,,,,,,,,
http://localhost:3000/goto/9dHvw3JHR?orgId=1,12394,38940,37,55,82,87,,,,,,,,
http://localhost:3000/goto/9dHvw3JHR?orgId=1,12579,32267,46,65,73,89,,,,,,,,
http://localhost:3000/goto/9dHvw3JHR?orgId=1,12602,14448,74,100,82,89,,,,,,,,üî¥
http://localhost:3000/goto/9dHvw3JHR?orgId=1,12242,13567,90,32,32,81,,,,,,,,
http://localhost:3000/goto/9dHvw3JHR?orgId=1,12162,14177,70,36,68,86,,,,,,,,
http://localhost:3000/goto/9dHvw3JHR?orgId=1,12181,40561,76,55,90,85,,üî¥,,,,,,
http://localhost:3000/goto/9dHvw3JHR?orgId=1,12275,15309,89,60,96,86,,,,,,,,
http://localhost:3000/goto/9dHvw3JHR?orgId=1,12418,16213,52,32,50,87,,,,,,,,
http://localhost:3000/goto/9dHvw3JHR?orgId=1,12032,21743,52,46,30,94,,,üî¥,,,,,
http://localhost:3000/goto/9dHvw3JHR?orgId=1,12570,31933,51,56,44,91,,,,,,,,
http://localhost:3000/goto/9dHvw3JHR?orgId=1,12649,36436,90,54,66,90,1.0,,,,,,,
http://localhost:3000/goto/9dHvw3JHR?orgId=1,12155,18945,40,48,74,100,,,,,,,,
http://localhost:3000/goto/9dHvw3JHR?orgId=1,12029,49920,71,55,38,80,,,,,,,,
http://localhost:3000/goto/9dHvw3JHR?orgId=1,12352,38096,83,76,76,83,,,,,,,,
http://localhost:3000/goto/9dHvw3JHR?orgId=1,12089,21893,90,76,51,89,,,,,,,,
http://localhost:3000/goto/9dHvw3JHR?orgId=1,12297,13866,99,51,46,87,,,,,,,,
http://localhost:3000/goto/9dHvw3JHR?orgId=1,12360,23744,57,55,93,87,,,,,,,,
http://localhost:3000/goto/9dHvw3JHR?orgId=1,12611,31053,84,66,96,83,1.0,,,,,,,
http://localhost:3000/goto/9dHvw3JHR?orgId=1,12064,32777,67,77,43,89,,,,,,,,
http://localhost:3000/goto/9dHvw3JHR?orgId=1,12200,7442,96,87,42,91,,,,,,,,üî¥
http://localhost:3000/goto/9dHvw3JHR?orgId=1,12023,16784,98,69,35,95,,,,,,,,
http://localhost:3000/goto/9dHvw3JHR?orgId=1,12249,24337,43,32,81,94,,,,,,,,
http://localhost:3000/goto/9dHvw3JHR?orgId=1,12280,7963,90,63,50,84,,,,,,,,
http://localhost:3000/goto/9dHvw3JHR?orgId=1,12523,38361,35,88,87,88,,,,,,,,
http://localhost:3000/goto/9dHvw3JHR?orgId=1,12174,9609,91,53,52,94,,,,,,,,
http://localhost:3000/goto/9dHvw3JHR?orgId=1,12508,5200,34,96,80,99,,,,üî¥,,,,
http://localhost:3000/goto/9dHvw3JHR?orgId=1,12169,14270,98,65,49,95,,,,,,,,
http://localhost:3000/goto/9dHvw3JHR?orgId=1,12233,24171,96,38,50,99,,,,,,,,
http://localhost:3000/goto/9dHvw3JHR?orgId=1,12218,30851,41,67,37,94,,,,,,,,
http://localhost:3000/goto/9dHvw3JHR?orgId=1,12084,37871,34,89,45,84,,,,,,,,
http://localhost:3000/goto/9dHvw3JHR?orgId=1,12296,27575,58,48,38,97,,,,,,,üî¥,
http://localhost:3000/goto/9dHvw3JHR?orgId=1,12303,49026,46,66,73,80,,,,,,,,
http://localhost:3000/goto/9dHvw3JHR?orgId=1,12513,26381,76,99,69,82,,,,,,,,
http://localhost:3000/goto/9dHvw3JHR?orgId=1,12557,46257,72,100,71,98,,,,,,,,
http://localhost:3000/goto/9dHvw3JHR?orgId=1,12243,35732,59,51,69,85,,üî¥,,,,,,
http://localhost:3000/goto/9dHvw3JHR?orgId=1,12290,26222,45,57,47,87,,,,,,,,
http://localhost:3000/goto/9dHvw3JHR?orgId=1,12113,18549,45,83,71,92,,,,,,,,
http://localhost:3000/goto/9dHvw3JHR?orgId=1,12325,30167,33,61,65,95,,üî¥,,,,,,
http://localhost:3000/goto/9dHvw3JHR?orgId=1,12435,23275,37,49,92,83,,,,,,,,
http://localhost:3000/goto/9dHvw3JHR?orgId=1,12459,7869,51,52,80,88,2.0,üî¥,,,,,,
http://localhost:3000/goto/9dHvw3JHR?orgId=1,12516,44429,39,60,68,93,,,,,,,,
http://localhost:3000/goto/9dHvw3JHR?orgId=1,12364,39987,49,84,99,88,,,,,,,,
http://localhost:3000/goto/9dHvw3JHR?orgId=1,12469,34178,70,78,74,91,,,,,,,,
http://localhost:3000/goto/9dHvw3JHR?orgId=1,12590,38930,42,49,44,97,,,,,,,,
http://localhost:3000/goto/9dHvw3JHR?orgId=1,12648,30148,58,100,96,93,,,,,,,,
http://localhost:3000/goto/9dHvw3JHR?orgId=1,12613,34065,70,70,45,82,,,,,,,,
http://localhost:3000/goto/9dHvw3JHR?orgId=1,12018,28055,40,92,80,83,,,,,,,,
http://localhost:3000/goto/9dHvw3JHR?orgId=1,12390,9493,44,91,99,87,,,,,,,,
http://localhost:3000/goto/9dHvw3JHR?orgId=1,12584,31950,42,82,35,87,,,,,3.0,,,
http://localhost:3000/goto/9dHvw3JHR?orgId=1,12219,31540,98,71,73,88,,,,,,,,
http://localhost:3000/goto/9dHvw3JHR?orgId=1,12269,37944,88,86,89,85,,,,,,,,
http://localhost:3000/goto/9dHvw3JHR?orgId=1,12541,37012,77,71,52,98,,,,,,,,
http://localhost:3000/goto/9dHvw3JHR?orgId=1,12026,24123,92,98,33,99,,,,,,,,
http://localhost:3000/goto/9dHvw3JHR?orgId=1,12268,46801,41,51,41,81,,,,,,üî¥,,
http://localhost:3000/goto/9dHvw3JHR?orgId=1,12341,23732,55,64,83,100,,,,,,,,
http://localhost:3000/goto/9dHvw3JHR?orgId=1,12502,25529,37,99,93,85,,,,,,,,
http://localhost:3000/goto/9dHvw3JHR?orgId=1,12176,46548,65,46,41,86,,,,,,,,
http://localhost:3000/goto/9dHvw3JHR?orgId=1,12090,42104,53,59,78,83,,,üî¥,,,,,
http://localhost:3000/goto/9dHvw3JHR?orgId=1,12620,40297,46,38,46,93,,,,,,,,
http://localhost:3000/goto/9dHvw3JHR?orgId=1,12627,18058,90,32,70,99,,,,,,,,
http://localhost:3000/goto/9dHvw3JHR?orgId=1,12431,18984,73,85,39,89,,,,,,,,
http://localhost:3000/goto/9dHvw3JHR?orgId=1,12007,36257,52,95,30,85,,,,,,,,
http://localhost:3000/goto/9dHvw3JHR?orgId=1,12433,34956,34,41,92,87,,,,,,,,
http://localhost:3000/goto/9dHvw3JHR?orgId=1,12035,9985,38,68,66,99,,,,,,,,
http://localhost:3000/goto/9dHvw3JHR?orgId=1,12028,7904,79,37,65,97,,,,,,,,
http://localhost:3000/goto/9dHvw3JHR?orgId=1,12474,35595,80,33,52,88,,,,üî¥,,,,
http://localhost:3000/goto/9dHvw3JHR?orgId=1,12264,42671,77,84,69,98,,,,,,,,
http://localhost:3000/goto/9dHvw3JHR?orgId=1,12271,23322,79,62,47,84,,,,,,,,
http://localhost:3000/goto/9dHvw3JHR?orgId=1,12585,6288,38,49,78,82,,üî¥,,,,,,
http://localhost:3000/goto/9dHvw3JHR?orgId=1,12301,19545,67,43,96,92,,,,,,,,
http://localhost:3000/goto/9dHvw3JHR?orgId=1,12313,21450,78,58,93,93,,üî¥,,üî¥,,,,
http://localhost:3000/goto/9dHvw3JHR?orgId=1,12166,49742,95,87,83,93,,,,,,,,
http://localhost:3000/goto/9dHvw3JHR?orgId=1,12533,37099,93,82,93,95,3.0,,,,,,,
http://localhost:3000/goto/9dHvw3JHR?orgId=1,12287,49097,40,58,69,98,,,,,,,,
http://localhost:3000/goto/9dHvw3JHR?orgId=1,12250,11235,50,50,84,87,,,,,,,,
http://localhost:3000/goto/9dHvw3JHR?orgId=1,12614,5642,40,49,35,87,,,,,,,,
http://localhost:3000/goto/9dHvw3JHR?orgId=1,12350,49349,39,45,62,81,,,,,,,üî¥,
http://localhost:3000/goto/9dHvw3JHR?orgId=1,12503,40597,92,53,79,99,,,,,,,,
http://localhost:3000/goto/9dHvw3JHR?orgId=1,12059,24511,31,100,73,96,,,,,,,,
http://localhost:3000/goto/9dHvw3JHR?orgId=1,12241,19414,42,42,67,94,,,,,,,,
http://localhost:3000/goto/9dHvw3JHR?orgId=1,12371,28261,86,66,49,82,1.0,,,üî¥,,,,
http://localhost:3000/goto/9dHvw3JHR?orgId=1,12547,6297,75,63,78,100,,,,,,,,
http://localhost:3000/goto/9dHvw3JHR?orgId=1,12495,39931,99,38,53,99,,,,,,,,
http://localhost:3000/goto/9dHvw3JHR?orgId=1,12127,28357,78,87,62,99,,,üî¥,,,,,
http://localhost:3000/goto/9dHvw3JHR?orgId=1,12288,11516,46,67,41,88,,,,,,,,
http://localhost:3000/goto/9dHvw3JHR?orgId=1,12458,38515,48,61,98,97,,,,,,,,
http://localhost:3000/goto/9dHvw3JHR?orgId=1,12671,20355,59,43,83,91,,,,,,,,
http://localhost:3000/goto/9dHvw3JHR?orgId=1,12183,26184,51,82,90,92,,,,,,,,
http://localhost:3000/goto/9dHvw3JHR?orgId=1,12677,35387,94,55,71,92,,,,,,,,
http://localhost:3000/goto/9dHvw3JHR?orgId=1,12203,39305,86,38,32,92,,,,,,,,
http://localhost:3000/goto/9dHvw3JHR?orgId=1,12074,34344,73,74,78,95,,,,,,,,
http://localhost:3000/goto/9dHvw3JHR?orgId=1,12653,48460,45,42,91,81,,,,,,,,
http://localhost:3000/goto/9dHvw3JHR?orgId=1,12312,23882,74,98,45,97,,,,,,,,
http://localhost:3000/goto/9dHvw3JHR?orgId=1,12237,35015,99,69,90,81,,,,,3.0,,,
http://localhost:3000/goto/9dHvw3JHR?orgId=1,12184,39613,40,83,94,85,,,,,,,,
http://localhost:3000/goto/9dHvw3JHR?orgId=1,12150,35845,36,57,86,80,,,,,,,,üî¥
http://localhost:3000/goto/9dHvw3JHR?orgId=1,12465,7550,48,65,40,96,,,,,,,,
http://localhost:3000/goto/9dHvw3JHR?orgId=1,12531,30677,54,54,42,83,,,,,,,,üî¥
http://localhost:3000/goto/9dHvw3JHR?orgId=1,12381,23844,73,84,58,80,,,,,,,,üî¥
http://localhost:3000/goto/9dHvw3JHR?orgId=1,12088,12482,64,69,52,84,,,,,,üî¥,,
http://localhost:3000/goto/9dHvw3JHR?orgId=1,12353,23077,88,49,69,84,,,,,,,,
http://localhost:3000/goto/9dHvw3JHR?orgId=1,12425,29286,49,47,69,90,,,,üî¥,,,,
http://localhost:3000/goto/9dHvw3JHR?orgId=1,12039,27058,93,68,73,93,,,,üî¥,,,,
http://localhost:3000/goto/9dHvw3JHR?orgId=1,12281,5203,92,67,91,81,,,,,,,,
http://localhost:3000/goto/9dHvw3JHR?orgId=1,12188,30328,100,71,91,96,1.0,,,,,,,
http://localhost:3000/goto/9dHvw3JHR?orgId=1,12058,22936,37,68,37,100,,,,,,,,
http://localhost:3000/goto/9dHvw3JHR?orgId=1,12607,30750,59,76,95,97,1.0,,,,,,,
http://localhost:3000/goto/9dHvw3JHR?orgId=1,12020,24745,82,31,60,96,,,,,,,,
http://localhost:3000/goto/9dHvw3JHR?orgId=1,12554,25595,39,32,73,94,,,,,,,,
http://localhost:3000/goto/9dHvw3JHR?orgId=1,12539,34310,32,39,34,90,,,,,,,,
http://localhost:3000/goto/9dHvw3JHR?orgId=1,12175,30809,36,56,63,91,,,,,,,,
http://localhost:3000/goto/9dHvw3JHR?orgId=1,12591,36496,36,79,60,84,,,,,,,,
http://localhost:3000/goto/9dHvw3JHR?orgId=1,12327,41123,82,40,97,82,,,,,,,,
http://localhost:3000/goto/9dHvw3JHR?orgId=1,12315,9139,96,58,44,89,,,,,3.0,,üî¥,
http://localhost:3000/goto/9dHvw3JHR?orgId=1,12490,13923,39,91,64,98,,,,,,,,
http://localhost:3000/goto/9dHvw3JHR?orgId=1,12466,14282,64,98,94,80,,,,,,,,
http://localhost:3000/goto/9dHvw3JHR?orgId=1,12434,18307,69,44,35,92,,,,,,,,
http://localhost:3000/goto/9dHvw3JHR?orgId=1,12189,22652,84,86,61,89,,,üî¥,,,,,
http://localhost:3000/goto/9dHvw3JHR?orgId=1,12595,5779,69,97,91,81,,,,,,,,
http://localhost:3000/goto/9dHvw3JHR?orgId=1,12419,45211,88,40,40,93,,,,,1.0,,,
http://localhost:3000/goto/9dHvw3JHR?orgId=1,12424,12787,90,56,66,100,,,,,,,,
http://localhost:3000/goto/9dHvw3JHR?orgId=1,12550,38113,100,74,42,89,,,,,,,,
http://localhost:3000/goto/9dHvw3JHR?orgId=1,12225,27128,64,46,44,80,,,,,,,,
http://localhost:3000/goto/9dHvw3JHR?orgId=1,12309,40563,37,50,80,86,,,,,,,,
http://localhost:3000/goto/9dHvw3JHR?orgId=1,12455,43754,35,96,53,94,,,,,,,,
http://localhost:3000/goto/9dHvw3JHR?orgId=1,12220,26733,69,89,82,88,,,,,,,,
http://localhost:3000/goto/9dHvw3JHR?orgId=1,12006,25503,33,56,95,81,,,,,,,,
http://localhost:3000/goto/9dHvw3JHR?orgId=1,12608,24588,84,36,30,93,1.0,,,,3.0,,,üî¥
http://localhost:3000/goto/9dHvw3JHR?orgId=1,12322,28506,62,61,99,82,,,,,,,,
http://localhost:3000/goto/9dHvw3JHR?orgId=1,12324,28806,50,84,34,99,,,,,,,,
http://localhost:3000/goto/9dHvw3JHR?orgId=1,12472,16170,71,60,48,81,,,,,,,,
http://localhost:3000/goto/9dHvw3JHR?orgId=1,12207,30661,72,86,33,96,,,,,,,,
http://localhost:3000/goto/9dHvw3JHR?orgId=1,12235,5274,48,64,95,81,,,,,,,,
http://localhost:3000/goto/9dHvw3JHR?orgId=1,12598,37311,47,58,84,93,,,üî¥,,,,,
http://localhost:3000/goto/9dHvw3JHR?orgId=1,12478,16857,34,60,89,88,3.0,,,,,,,
http://localhost:3000/goto/9dHvw3JHR?orgId=1,12221,7533,33,34,31,94,,,,,,,,
http://localhost:3000/goto/9dHvw3JHR?orgId=1,12286,37485,84,87,43,85,,,,,,,,
http://localhost:3000/goto/9dHvw3JHR?orgId=1,12382,37128,63,60,82,87,,üî¥,,,,,,
http://localhost:3000/goto/9dHvw3JHR?orgId=1,12061,47757,64,98,95,98,,,,,,,,
http://localhost:3000/goto/9dHvw3JHR?orgId=1,12449,17034,56,70,39,91,,,,,,,,
http://localhost:3000/goto/9dHvw3JHR?orgId=1,12049,14847,74,35,87,97,1.0,,,,,,,
http://localhost:3000/goto/9dHvw3JHR?orgId=1,12046,33265,37,34,81,99,,,,,1.0,,,üî¥
http://localhost:3000/goto/9dHvw3JHR?orgId=1,12186,32269,84,60,95,92,,,,,,,,
http://localhost:3000/goto/9dHvw3JHR?orgId=1,12489,41312,73,49,73,87,,üî¥,,,,,,
http://localhost:3000/goto/9dHvw3JHR?orgId=1,12494,20532,45,87,50,87,,,,,,,,
http://localhost:3000/goto/9dHvw3JHR?orgId=1,12197,31800,57,93,47,89,,,,,,,üî¥,
http://localhost:3000/goto/9dHvw3JHR?orgId=1,12664,22922,83,91,61,89,,,,,,,,
http://localhost:3000/goto/9dHvw3JHR?orgId=1,12639,36116,65,34,72,97,,,,,,,,
http://localhost:3000/goto/9dHvw3JHR?orgId=1,12393,21429,88,30,52,89,,,,,,,,
http://localhost:3000/goto/9dHvw3JHR?orgId=1,12234,36296,43,73,100,95,,,,,,,,
http://localhost:3000/goto/9dHvw3JHR?orgId=1,12678,40543,95,49,65,92,,,,,,,,üî¥
http://localhost:3000/goto/9dHvw3JHR?orgId=1,12168,21598,74,100,82,95,,,,,,,,
http://localhost:3000/goto/9dHvw3JHR?orgId=1,12229,31691,65,80,36,88,,,,,,,,
http://localhost:3000/goto/9dHvw3JHR?orgId=1,12561,12598,95,81,45,98,,,,,,,,
http://localhost:3000/goto/9dHvw3JHR?orgId=1,12367,36089,83,67,56,89,,,,,,,,
http://localhost:3000/goto/9dHvw3JHR?orgId=1,12316,20548,91,58,91,100,,,,,,,,
http://localhost:3000/goto/9dHvw3JHR?orgId=1,12358,25783,87,50,42,81,,,,,,,,
http://localhost:3000/goto/9dHvw3JHR?orgId=1,12517,27439,74,82,95,82,,,,üî¥,,,,
http://localhost:3000/goto/9dHvw3JHR?orgId=1,12228,49322,42,87,35,82,,,,,,,,
http://localhost:3000/goto/9dHvw3JHR?orgId=1,12109,43670,94,66,68,92,,,,,,üî¥,,
http://localhost:3000/goto/9dHvw3JHR?orgId=1,12299,13467,48,76,42,87,,,,,,,,
http://localhost:3000/goto/9dHvw3JHR?orgId=1,12536,39088,98,99,63,96,,,,,,,üî¥,
http://localhost:3000/goto/9dHvw3JHR?orgId=1,12519,40764,72,70,81,98,,,,,,,,
http://localhost:3000/goto/9dHvw3JHR?orgId=1,12423,37055,46,58,86,92,,,üî¥,,,,,
http://localhost:3000/goto/9dHvw3JHR?orgId=1,12544,43987,53,50,46,89,,,üî¥,üî¥,,,,
http://localhost:3000/goto/9dHvw3JHR?orgId=1,12559,25244,84,63,58,87,3.0,,,,,,,
http://localhost:3000/goto/9dHvw3JHR?orgId=1,12051,9353,66,96,41,82,,,,,,,,
http://localhost:3000/goto/9dHvw3JHR?orgId=1,12428,30604,72,93,52,96,,,,,,,,üî¥
http://localhost:3000/goto/9dHvw3JHR?orgId=1,12248,6890,78,41,54,94,,,,,2.0,,,
http://localhost:3000/goto/9dHvw3JHR?orgId=1,12332,10941,84,66,48,94,,,,,,üî¥,,
http://localhost:3000/goto/9dHvw3JHR?orgId=1,12634,44467,68,42,34,88,,,,,,,,
http://localhost:3000/goto/9dHvw3JHR?orgId=1,12363,34392,30,61,66,91,,,,,,,üî¥,
http://localhost:3000/goto/9dHvw3JHR?orgId=1,12052,21268,64,43,35,84,,,üî¥,üî¥,3.0,,,
